timestamp,review
15-06-2025 09:18,I absolutely love this product!
12-06-2025 09:18,"Terrible experience, I want a refund."
10-06-2025 09:18,"It was okay, not great but not bad either."
09-06-2025 09:18,"Fantastic service, very satisfied!"
16-06-2025 09:18,Worst customer support I've ever encountered.
10-06-2025 09:18,Decent quality for the price.
06-06-2025 09:18,Exceeded my expectations!
16-06-2025 09:18,Would not recommend to anyone.
08-06-2025 09:18,"Neutral opinion, it works as intended."
12-06-2025 09:18,Quick delivery and good packaging.
